PRAGMA foreign_keys = OFF;
BEGIN TRANSACTION;
DELETE FROM movimentacoes;
DELETE FROM estoque;
DELETE FROM materiais;
DELETE FROM gondolas;
DELETE FROM sqlite_sequence;

INSERT INTO gondolas (id, nome) VALUES (1, 'G1');
INSERT INTO gondolas (id, nome) VALUES (2, 'G10');
INSERT INTO gondolas (id, nome) VALUES (3, 'G11');
INSERT INTO gondolas (id, nome) VALUES (4, 'G12');
INSERT INTO gondolas (id, nome) VALUES (5, 'G13');
INSERT INTO gondolas (id, nome) VALUES (6, 'G14');
INSERT INTO gondolas (id, nome) VALUES (7, 'G15');
INSERT INTO gondolas (id, nome) VALUES (8, 'G17');
INSERT INTO gondolas (id, nome) VALUES (9, 'G2');
INSERT INTO gondolas (id, nome) VALUES (10, 'G3');
INSERT INTO gondolas (id, nome) VALUES (11, 'G4');
INSERT INTO gondolas (id, nome) VALUES (12, 'G5');
INSERT INTO gondolas (id, nome) VALUES (13, 'G6');
INSERT INTO gondolas (id, nome) VALUES (14, 'G7');
INSERT INTO gondolas (id, nome) VALUES (15, 'G9');
INSERT INTO gondolas (id, nome) VALUES (16, 'Palete 1');

INSERT INTO materiais (id, material, cor, camisa, renda, cor_renda) VALUES (1, 'Tecido Oxford', 'Branco', '', '', '');
INSERT INTO materiais (id, material, cor, camisa, renda, cor_renda) VALUES (2, 'Veu gota Dobrado 2,00 x 0,60', '', '', '', '');
INSERT INTO materiais (id, material, cor, camisa, renda, cor_renda) VALUES (3, 'Veu Renda 2,00 x 0,60', '', '', '2 CM', 'Dourada');
INSERT INTO materiais (id, material, cor, camisa, renda, cor_renda) VALUES (4, 'Veu Renda 2,00 x 0,60', '', '', '4 CM', 'Dourada');
INSERT INTO materiais (id, material, cor, camisa, renda, cor_renda) VALUES (5, 'Veu Renda 2,00 x 0,60', '', '', '8 CM', 'Dourada');
INSERT INTO materiais (id, material, cor, camisa, renda, cor_renda) VALUES (6, 'Veu Simples Dobrado 2,00 x 0,60', '', '', '', '');
INSERT INTO materiais (id, material, cor, camisa, renda, cor_renda) VALUES (7, 'Edredon s/pp b.floral 2 partes', '', '', '', '');
INSERT INTO materiais (id, material, cor, camisa, renda, cor_renda) VALUES (8, 'Edredon s/pp b.lirio 2 partes', '', '', '', '');
INSERT INTO materiais (id, material, cor, camisa, renda, cor_renda) VALUES (9, 'Edredon s/pp b.pomba 2 partes', '', '', '', '');
INSERT INTO materiais (id, material, cor, camisa, renda, cor_renda) VALUES (10, 'Edredon s/pp c.jesus 2 partes', '', '', '', '');
INSERT INTO materiais (id, material, cor, camisa, renda, cor_renda) VALUES (11, 'Edredon s/pp c.maria 2 partes', '', '', '', '');
INSERT INTO materiais (id, material, cor, camisa, renda, cor_renda) VALUES (12, 'Edredon s/pp liso 2 partes', '', '', '', '');
INSERT INTO materiais (id, material, cor, camisa, renda, cor_renda) VALUES (13, 'Edredon s/pp liso inferior', '', '', '', '');
INSERT INTO materiais (id, material, cor, camisa, renda, cor_renda) VALUES (14, 'Edredon s/pp paz do senhor 2 partes', '', '', '', '');
INSERT INTO materiais (id, material, cor, camisa, renda, cor_renda) VALUES (15, 'Tecido Cetim', 'Branco', '', '', '');
INSERT INTO materiais (id, material, cor, camisa, renda, cor_renda) VALUES (16, 'Veu Gota 2,00 x 0,60', '', '', '2 CM', 'Dourada');
INSERT INTO materiais (id, material, cor, camisa, renda, cor_renda) VALUES (17, 'Veu Gota 2,00 x 0,60', '', '', '4 CM', 'Dourada');
INSERT INTO materiais (id, material, cor, camisa, renda, cor_renda) VALUES (18, 'Veu Gota 2,00 x 0,60', '', '', '8 CM', 'Dourada');
INSERT INTO materiais (id, material, cor, camisa, renda, cor_renda) VALUES (19, 'Veu Gota 2,20 x 0,80', '', '', '4 CM', 'Branca');
INSERT INTO materiais (id, material, cor, camisa, renda, cor_renda) VALUES (20, 'Veu Gota 2,20 x 0,80', '', '', '8 CM', 'Branca');
INSERT INTO materiais (id, material, cor, camisa, renda, cor_renda) VALUES (21, 'Veu Gota 2,20 x 0,80', '', '', '4 CM', 'Dourada');
INSERT INTO materiais (id, material, cor, camisa, renda, cor_renda) VALUES (22, 'Veu sextavado Gota', '', '', '8 CM', 'Branca');
INSERT INTO materiais (id, material, cor, camisa, renda, cor_renda) VALUES (23, 'Tecido Oxford', 'Bege', '', '', '');
INSERT INTO materiais (id, material, cor, camisa, renda, cor_renda) VALUES (24, 'Tecido Oxford', 'Cinza', '', '', '');
INSERT INTO materiais (id, material, cor, camisa, renda, cor_renda) VALUES (25, 'Tecido Oxford', 'Preto', '', '', '');
INSERT INTO materiais (id, material, cor, camisa, renda, cor_renda) VALUES (26, 'Veu Gota 2,00 x 0,60', '', '', '4 CM', 'Branca');
INSERT INTO materiais (id, material, cor, camisa, renda, cor_renda) VALUES (27, 'Veu Gota 2,00 x 0,60', '', '', '8 CM', 'Branca');
INSERT INTO materiais (id, material, cor, camisa, renda, cor_renda) VALUES (28, 'Edredon s/pp Superior Liso', '', '', '', '');
INSERT INTO materiais (id, material, cor, camisa, renda, cor_renda) VALUES (29, 'Camisa Premium', 'Branco', '3', '', '');
INSERT INTO materiais (id, material, cor, camisa, renda, cor_renda) VALUES (30, 'Camisa Premium', 'Branco', '4', '', '');
INSERT INTO materiais (id, material, cor, camisa, renda, cor_renda) VALUES (31, 'Camisa Premium', 'Branco', '5', '', '');
INSERT INTO materiais (id, material, cor, camisa, renda, cor_renda) VALUES (32, 'Camisa Premium', 'Branco', '6', '', '');
INSERT INTO materiais (id, material, cor, camisa, renda, cor_renda) VALUES (33, 'Edredon s/pp Aparecida 2 partes', '', '', '', '');
INSERT INTO materiais (id, material, cor, camisa, renda, cor_renda) VALUES (34, 'Edredon s/pp Saudade 2 partes', '', '', '', '');
INSERT INTO materiais (id, material, cor, camisa, renda, cor_renda) VALUES (35, 'Veu Renda 2,00 x 0,60', '', '', '2 CM', 'Branca');
INSERT INTO materiais (id, material, cor, camisa, renda, cor_renda) VALUES (36, 'Veu Renda 2,00 x 0,60', '', '', '4 CM', 'Branca');
INSERT INTO materiais (id, material, cor, camisa, renda, cor_renda) VALUES (37, 'Veu Renda 2,00 x 0,60', '', '', '8 CM', 'Branca');
INSERT INTO materiais (id, material, cor, camisa, renda, cor_renda) VALUES (38, 'Veu Renda 2,20 x 0,80', '', '', '2 CM', 'Branca');
INSERT INTO materiais (id, material, cor, camisa, renda, cor_renda) VALUES (39, 'Veu Renda 2,20 x 0,80', '', '', '8 CM', 'Branca');
INSERT INTO materiais (id, material, cor, camisa, renda, cor_renda) VALUES (40, 'Veu Renda 2,20 x 0,80', '', '', '2 CM', 'Dourada');
INSERT INTO materiais (id, material, cor, camisa, renda, cor_renda) VALUES (41, 'Veu Renda 2,20 x 0,80', '', '', '4 CM', 'Dourada');
INSERT INTO materiais (id, material, cor, camisa, renda, cor_renda) VALUES (42, 'Veu Renda 2,20 x 0,80', '', '', '8 CM', 'Dourada');
INSERT INTO materiais (id, material, cor, camisa, renda, cor_renda) VALUES (43, 'Camisa Premium', 'Branco', '2', '', '');
INSERT INTO materiais (id, material, cor, camisa, renda, cor_renda) VALUES (44, 'Terno Masculino', 'Cinza', '4', '', '');
INSERT INTO materiais (id, material, cor, camisa, renda, cor_renda) VALUES (45, 'Veu Renda 2,20 x 0,80', '', '', '4 CM', 'Branca');
INSERT INTO materiais (id, material, cor, camisa, renda, cor_renda) VALUES (46, 'Veu sextavado Simples', '', '', '30 CM', 'Branca');
INSERT INTO materiais (id, material, cor, camisa, renda, cor_renda) VALUES (47, 'Conjunto Feminino Renda', 'Azul Bebe (Conjuntos femininos)', '', '', '');
INSERT INTO materiais (id, material, cor, camisa, renda, cor_renda) VALUES (48, 'Conjunto Feminino Renda', 'Rosa', '', '', '');
INSERT INTO materiais (id, material, cor, camisa, renda, cor_renda) VALUES (49, 'Conjunto Feminino Renda', 'Verde', '', '', '');
INSERT INTO materiais (id, material, cor, camisa, renda, cor_renda) VALUES (50, 'Vestido cetim plano', 'Branco', '', '', '');
INSERT INTO materiais (id, material, cor, camisa, renda, cor_renda) VALUES (51, 'Vestidos Renda', 'Azul Bebe (Conjuntos femininos)', '', '', '');
INSERT INTO materiais (id, material, cor, camisa, renda, cor_renda) VALUES (52, 'Vestidos Renda', 'Bege', '', '', '');
INSERT INTO materiais (id, material, cor, camisa, renda, cor_renda) VALUES (53, 'Vestidos Renda', 'Branco', '', '', '');
INSERT INTO materiais (id, material, cor, camisa, renda, cor_renda) VALUES (54, 'Vestidos Renda', 'Rosa', '', '', '');
INSERT INTO materiais (id, material, cor, camisa, renda, cor_renda) VALUES (55, 'Vestidos Renda', 'Verde', '', '', '');
INSERT INTO materiais (id, material, cor, camisa, renda, cor_renda) VALUES (56, 'Conjunto Feminino Bordado', 'Azul Bebe (Conjuntos femininos)', '', '', '');
INSERT INTO materiais (id, material, cor, camisa, renda, cor_renda) VALUES (57, 'Conjunto Feminino Bordado', 'Bege', '', '', '');
INSERT INTO materiais (id, material, cor, camisa, renda, cor_renda) VALUES (58, 'Conjunto Feminino Bordado', 'Branco', '', '', '');
INSERT INTO materiais (id, material, cor, camisa, renda, cor_renda) VALUES (59, 'Conjunto Feminino Bordado', 'Rosa', '', '', '');
INSERT INTO materiais (id, material, cor, camisa, renda, cor_renda) VALUES (60, 'Conjunto Feminino Bordado', 'Verde', '', '', '');
INSERT INTO materiais (id, material, cor, camisa, renda, cor_renda) VALUES (61, 'Conjunto feminino Mont Serrat', 'Azul Bebe (Conjuntos femininos)', '', '', '');
INSERT INTO materiais (id, material, cor, camisa, renda, cor_renda) VALUES (62, 'Conjunto feminino Mont Serrat', 'Bege', '', '', '');
INSERT INTO materiais (id, material, cor, camisa, renda, cor_renda) VALUES (63, 'Conjunto feminino Mont Serrat', 'Rosa', '', '', '');
INSERT INTO materiais (id, material, cor, camisa, renda, cor_renda) VALUES (64, 'Terno Masculino', 'Azul Marinho (terno)', '3', '', '');
INSERT INTO materiais (id, material, cor, camisa, renda, cor_renda) VALUES (65, 'Terno Masculino', 'Azul Marinho (terno)', '4', '', '');
INSERT INTO materiais (id, material, cor, camisa, renda, cor_renda) VALUES (66, 'Terno Masculino', 'Azul Marinho (terno)', '5', '', '');
INSERT INTO materiais (id, material, cor, camisa, renda, cor_renda) VALUES (67, 'Terno Masculino', 'Azul Marinho (terno)', '6', '', '');
INSERT INTO materiais (id, material, cor, camisa, renda, cor_renda) VALUES (68, 'Terno Masculino', 'Bege', '4', '', '');
INSERT INTO materiais (id, material, cor, camisa, renda, cor_renda) VALUES (69, 'Terno Masculino', 'Bege', '5', '', '');
INSERT INTO materiais (id, material, cor, camisa, renda, cor_renda) VALUES (70, 'Terno Masculino', 'Bege', '6', '', '');
INSERT INTO materiais (id, material, cor, camisa, renda, cor_renda) VALUES (71, 'Terno Masculino', 'Branco', '3', '', '');
INSERT INTO materiais (id, material, cor, camisa, renda, cor_renda) VALUES (72, 'Terno Masculino', 'Branco', '4', '', '');
INSERT INTO materiais (id, material, cor, camisa, renda, cor_renda) VALUES (73, 'Terno Masculino', 'Cinza', '5', '', '');
INSERT INTO materiais (id, material, cor, camisa, renda, cor_renda) VALUES (74, 'Terno Masculino', 'Preto', '3', '', '');
INSERT INTO materiais (id, material, cor, camisa, renda, cor_renda) VALUES (75, 'Terno Masculino', 'Preto', '4', '', '');
INSERT INTO materiais (id, material, cor, camisa, renda, cor_renda) VALUES (76, 'Terno Masculino', 'Preto', '5', '', '');
INSERT INTO materiais (id, material, cor, camisa, renda, cor_renda) VALUES (77, 'Conjunto Feminino Renda', 'Bege', '', '', '');
INSERT INTO materiais (id, material, cor, camisa, renda, cor_renda) VALUES (78, 'Conjunto Feminino Renda', 'Branco', '', '', '');
INSERT INTO materiais (id, material, cor, camisa, renda, cor_renda) VALUES (79, 'Manto Infantil', '', '', '', '');
INSERT INTO materiais (id, material, cor, camisa, renda, cor_renda) VALUES (80, 'Edredon s/pp saudades inferior', '', '', '', '');

INSERT INTO estoque (id, material_id, gondola_id, quantidade) VALUES (1, 2, 1, 104);
INSERT INTO estoque (id, material_id, gondola_id, quantidade) VALUES (2, 2, 7, 500);
INSERT INTO estoque (id, material_id, gondola_id, quantidade) VALUES (3, 3, 1, 2260);
INSERT INTO estoque (id, material_id, gondola_id, quantidade) VALUES (4, 3, 9, 1140);
INSERT INTO estoque (id, material_id, gondola_id, quantidade) VALUES (5, 4, 1, 1990);
INSERT INTO estoque (id, material_id, gondola_id, quantidade) VALUES (6, 4, 9, 470);
INSERT INTO estoque (id, material_id, gondola_id, quantidade) VALUES (7, 5, 1, 2150);
INSERT INTO estoque (id, material_id, gondola_id, quantidade) VALUES (8, 5, 9, 2010);
INSERT INTO estoque (id, material_id, gondola_id, quantidade) VALUES (9, 6, 1, 480);
INSERT INTO estoque (id, material_id, gondola_id, quantidade) VALUES (10, 7, 2, 100);
INSERT INTO estoque (id, material_id, gondola_id, quantidade) VALUES (11, 7, 5, 100);
INSERT INTO estoque (id, material_id, gondola_id, quantidade) VALUES (12, 7, 6, 100);
INSERT INTO estoque (id, material_id, gondola_id, quantidade) VALUES (13, 8, 2, 99);
INSERT INTO estoque (id, material_id, gondola_id, quantidade) VALUES (14, 8, 5, 100);
INSERT INTO estoque (id, material_id, gondola_id, quantidade) VALUES (15, 8, 6, 99);
INSERT INTO estoque (id, material_id, gondola_id, quantidade) VALUES (16, 8, 14, 198);
INSERT INTO estoque (id, material_id, gondola_id, quantidade) VALUES (17, 9, 2, 100);
INSERT INTO estoque (id, material_id, gondola_id, quantidade) VALUES (18, 9, 6, 99);
INSERT INTO estoque (id, material_id, gondola_id, quantidade) VALUES (19, 10, 2, 100);
INSERT INTO estoque (id, material_id, gondola_id, quantidade) VALUES (20, 11, 2, 200);
INSERT INTO estoque (id, material_id, gondola_id, quantidade) VALUES (21, 12, 2, 794);
INSERT INTO estoque (id, material_id, gondola_id, quantidade) VALUES (22, 12, 5, 2193);
INSERT INTO estoque (id, material_id, gondola_id, quantidade) VALUES (23, 12, 6, 894);
INSERT INTO estoque (id, material_id, gondola_id, quantidade) VALUES (24, 12, 8, 199);
INSERT INTO estoque (id, material_id, gondola_id, quantidade) VALUES (25, 12, 14, 698);
INSERT INTO estoque (id, material_id, gondola_id, quantidade) VALUES (26, 12, 15, 3999);
INSERT INTO estoque (id, material_id, gondola_id, quantidade) VALUES (27, 12, 16, 200);
INSERT INTO estoque (id, material_id, gondola_id, quantidade) VALUES (28, 13, 2, 1600);
INSERT INTO estoque (id, material_id, gondola_id, quantidade) VALUES (29, 13, 15, 300);
INSERT INTO estoque (id, material_id, gondola_id, quantidade) VALUES (30, 14, 2, 100);
INSERT INTO estoque (id, material_id, gondola_id, quantidade) VALUES (31, 14, 5, 992);
INSERT INTO estoque (id, material_id, gondola_id, quantidade) VALUES (32, 15, 6, 17700);
INSERT INTO estoque (id, material_id, gondola_id, quantidade) VALUES (33, 16, 3, 360);
INSERT INTO estoque (id, material_id, gondola_id, quantidade) VALUES (34, 17, 3, 420);
INSERT INTO estoque (id, material_id, gondola_id, quantidade) VALUES (35, 19, 3, 1130);
INSERT INTO estoque (id, material_id, gondola_id, quantidade) VALUES (36, 19, 4, 1010);
INSERT INTO estoque (id, material_id, gondola_id, quantidade) VALUES (37, 20, 4, 230);
INSERT INTO estoque (id, material_id, gondola_id, quantidade) VALUES (38, 21, 3, 1240);
INSERT INTO estoque (id, material_id, gondola_id, quantidade) VALUES (39, 22, 3, 210);
INSERT INTO estoque (id, material_id, gondola_id, quantidade) VALUES (40, 23, 4, 4250);
INSERT INTO estoque (id, material_id, gondola_id, quantidade) VALUES (41, 24, 4, 1150);
INSERT INTO estoque (id, material_id, gondola_id, quantidade) VALUES (42, 25, 4, 800);
INSERT INTO estoque (id, material_id, gondola_id, quantidade) VALUES (43, 26, 4, 3060);
INSERT INTO estoque (id, material_id, gondola_id, quantidade) VALUES (44, 27, 4, 1440);
INSERT INTO estoque (id, material_id, gondola_id, quantidade) VALUES (45, 28, 5, 520);
INSERT INTO estoque (id, material_id, gondola_id, quantidade) VALUES (46, 28, 8, 3245);
INSERT INTO estoque (id, material_id, gondola_id, quantidade) VALUES (47, 28, 15, 384);
INSERT INTO estoque (id, material_id, gondola_id, quantidade) VALUES (48, 28, 16, 200);
INSERT INTO estoque (id, material_id, gondola_id, quantidade) VALUES (49, 29, 6, 9);
INSERT INTO estoque (id, material_id, gondola_id, quantidade) VALUES (50, 29, 10, 519);
INSERT INTO estoque (id, material_id, gondola_id, quantidade) VALUES (51, 30, 6, 358);
INSERT INTO estoque (id, material_id, gondola_id, quantidade) VALUES (52, 30, 10, 280);
INSERT INTO estoque (id, material_id, gondola_id, quantidade) VALUES (53, 30, 11, 897);
INSERT INTO estoque (id, material_id, gondola_id, quantidade) VALUES (54, 31, 6, 220);
INSERT INTO estoque (id, material_id, gondola_id, quantidade) VALUES (55, 31, 10, 350);
INSERT INTO estoque (id, material_id, gondola_id, quantidade) VALUES (56, 31, 11, 581);
INSERT INTO estoque (id, material_id, gondola_id, quantidade) VALUES (57, 32, 11, 8);
INSERT INTO estoque (id, material_id, gondola_id, quantidade) VALUES (58, 33, 6, 99);
INSERT INTO estoque (id, material_id, gondola_id, quantidade) VALUES (59, 34, 6, 197);
INSERT INTO estoque (id, material_id, gondola_id, quantidade) VALUES (60, 36, 9, 1100);
INSERT INTO estoque (id, material_id, gondola_id, quantidade) VALUES (61, 36, 10, 670);
INSERT INTO estoque (id, material_id, gondola_id, quantidade) VALUES (62, 37, 9, 1400);
INSERT INTO estoque (id, material_id, gondola_id, quantidade) VALUES (63, 38, 9, 160);
INSERT INTO estoque (id, material_id, gondola_id, quantidade) VALUES (64, 39, 9, 530);
INSERT INTO estoque (id, material_id, gondola_id, quantidade) VALUES (65, 39, 10, 1470);
INSERT INTO estoque (id, material_id, gondola_id, quantidade) VALUES (66, 40, 9, 140);
INSERT INTO estoque (id, material_id, gondola_id, quantidade) VALUES (67, 41, 9, 310);
INSERT INTO estoque (id, material_id, gondola_id, quantidade) VALUES (68, 41, 10, 2710);
INSERT INTO estoque (id, material_id, gondola_id, quantidade) VALUES (69, 42, 9, 410);
INSERT INTO estoque (id, material_id, gondola_id, quantidade) VALUES (70, 42, 10, 680);
INSERT INTO estoque (id, material_id, gondola_id, quantidade) VALUES (71, 43, 10, 176);
INSERT INTO estoque (id, material_id, gondola_id, quantidade) VALUES (72, 44, 12, 51);
INSERT INTO estoque (id, material_id, gondola_id, quantidade) VALUES (73, 45, 10, 1100);
INSERT INTO estoque (id, material_id, gondola_id, quantidade) VALUES (74, 47, 11, 29);
INSERT INTO estoque (id, material_id, gondola_id, quantidade) VALUES (75, 48, 11, 14);
INSERT INTO estoque (id, material_id, gondola_id, quantidade) VALUES (76, 48, 13, 379);
INSERT INTO estoque (id, material_id, gondola_id, quantidade) VALUES (77, 49, 11, 34);
INSERT INTO estoque (id, material_id, gondola_id, quantidade) VALUES (78, 49, 13, 266);
INSERT INTO estoque (id, material_id, gondola_id, quantidade) VALUES (79, 50, 11, 121);
INSERT INTO estoque (id, material_id, gondola_id, quantidade) VALUES (80, 51, 11, 49);
INSERT INTO estoque (id, material_id, gondola_id, quantidade) VALUES (81, 52, 11, 336);
INSERT INTO estoque (id, material_id, gondola_id, quantidade) VALUES (82, 53, 11, 294);
INSERT INTO estoque (id, material_id, gondola_id, quantidade) VALUES (83, 53, 12, 55);
INSERT INTO estoque (id, material_id, gondola_id, quantidade) VALUES (84, 54, 11, 125);
INSERT INTO estoque (id, material_id, gondola_id, quantidade) VALUES (85, 55, 11, 44);
INSERT INTO estoque (id, material_id, gondola_id, quantidade) VALUES (86, 56, 12, 148);
INSERT INTO estoque (id, material_id, gondola_id, quantidade) VALUES (87, 57, 12, 157);
INSERT INTO estoque (id, material_id, gondola_id, quantidade) VALUES (88, 58, 12, 456);
INSERT INTO estoque (id, material_id, gondola_id, quantidade) VALUES (89, 59, 12, 121);
INSERT INTO estoque (id, material_id, gondola_id, quantidade) VALUES (90, 60, 12, 24);
INSERT INTO estoque (id, material_id, gondola_id, quantidade) VALUES (91, 61, 12, 56);
INSERT INTO estoque (id, material_id, gondola_id, quantidade) VALUES (92, 62, 12, 1);
INSERT INTO estoque (id, material_id, gondola_id, quantidade) VALUES (93, 63, 12, 1);
INSERT INTO estoque (id, material_id, gondola_id, quantidade) VALUES (94, 64, 12, 28);
INSERT INTO estoque (id, material_id, gondola_id, quantidade) VALUES (95, 65, 12, 35);
INSERT INTO estoque (id, material_id, gondola_id, quantidade) VALUES (96, 66, 12, 30);
INSERT INTO estoque (id, material_id, gondola_id, quantidade) VALUES (97, 67, 12, 35);
INSERT INTO estoque (id, material_id, gondola_id, quantidade) VALUES (98, 71, 12, 12);
INSERT INTO estoque (id, material_id, gondola_id, quantidade) VALUES (99, 72, 12, 14);
INSERT INTO estoque (id, material_id, gondola_id, quantidade) VALUES (100, 77, 13, 287);
INSERT INTO estoque (id, material_id, gondola_id, quantidade) VALUES (101, 78, 13, 269);
INSERT INTO estoque (id, material_id, gondola_id, quantidade) VALUES (102, 80, 15, 100);

INSERT INTO movimentacoes (id, material_id, gondola_id, tipo, quantidade) VALUES (1, 2, 1, 'ENTRADA', 104);
INSERT INTO movimentacoes (id, material_id, gondola_id, tipo, quantidade) VALUES (2, 2, 7, 'ENTRADA', 500);
INSERT INTO movimentacoes (id, material_id, gondola_id, tipo, quantidade) VALUES (3, 3, 1, 'ENTRADA', 2260);
INSERT INTO movimentacoes (id, material_id, gondola_id, tipo, quantidade) VALUES (4, 3, 9, 'ENTRADA', 1140);
INSERT INTO movimentacoes (id, material_id, gondola_id, tipo, quantidade) VALUES (5, 4, 1, 'ENTRADA', 1990);
INSERT INTO movimentacoes (id, material_id, gondola_id, tipo, quantidade) VALUES (6, 4, 9, 'ENTRADA', 470);
INSERT INTO movimentacoes (id, material_id, gondola_id, tipo, quantidade) VALUES (7, 5, 1, 'ENTRADA', 2150);
INSERT INTO movimentacoes (id, material_id, gondola_id, tipo, quantidade) VALUES (8, 5, 9, 'ENTRADA', 2010);
INSERT INTO movimentacoes (id, material_id, gondola_id, tipo, quantidade) VALUES (9, 6, 1, 'ENTRADA', 480);
INSERT INTO movimentacoes (id, material_id, gondola_id, tipo, quantidade) VALUES (10, 7, 2, 'ENTRADA', 100);
INSERT INTO movimentacoes (id, material_id, gondola_id, tipo, quantidade) VALUES (11, 7, 5, 'ENTRADA', 100);
INSERT INTO movimentacoes (id, material_id, gondola_id, tipo, quantidade) VALUES (12, 7, 6, 'ENTRADA', 100);
INSERT INTO movimentacoes (id, material_id, gondola_id, tipo, quantidade) VALUES (13, 8, 2, 'ENTRADA', 99);
INSERT INTO movimentacoes (id, material_id, gondola_id, tipo, quantidade) VALUES (14, 8, 5, 'ENTRADA', 100);
INSERT INTO movimentacoes (id, material_id, gondola_id, tipo, quantidade) VALUES (15, 8, 6, 'ENTRADA', 99);
INSERT INTO movimentacoes (id, material_id, gondola_id, tipo, quantidade) VALUES (16, 8, 14, 'ENTRADA', 198);
INSERT INTO movimentacoes (id, material_id, gondola_id, tipo, quantidade) VALUES (17, 9, 2, 'ENTRADA', 100);
INSERT INTO movimentacoes (id, material_id, gondola_id, tipo, quantidade) VALUES (18, 9, 6, 'ENTRADA', 99);
INSERT INTO movimentacoes (id, material_id, gondola_id, tipo, quantidade) VALUES (19, 10, 2, 'ENTRADA', 100);
INSERT INTO movimentacoes (id, material_id, gondola_id, tipo, quantidade) VALUES (20, 11, 2, 'ENTRADA', 200);
INSERT INTO movimentacoes (id, material_id, gondola_id, tipo, quantidade) VALUES (21, 12, 2, 'ENTRADA', 794);
INSERT INTO movimentacoes (id, material_id, gondola_id, tipo, quantidade) VALUES (22, 12, 5, 'ENTRADA', 2193);
INSERT INTO movimentacoes (id, material_id, gondola_id, tipo, quantidade) VALUES (23, 12, 6, 'ENTRADA', 894);
INSERT INTO movimentacoes (id, material_id, gondola_id, tipo, quantidade) VALUES (24, 12, 8, 'ENTRADA', 199);
INSERT INTO movimentacoes (id, material_id, gondola_id, tipo, quantidade) VALUES (25, 12, 14, 'ENTRADA', 698);
INSERT INTO movimentacoes (id, material_id, gondola_id, tipo, quantidade) VALUES (26, 12, 15, 'ENTRADA', 3999);
INSERT INTO movimentacoes (id, material_id, gondola_id, tipo, quantidade) VALUES (27, 12, 16, 'ENTRADA', 200);
INSERT INTO movimentacoes (id, material_id, gondola_id, tipo, quantidade) VALUES (28, 13, 2, 'ENTRADA', 1600);
INSERT INTO movimentacoes (id, material_id, gondola_id, tipo, quantidade) VALUES (29, 13, 15, 'ENTRADA', 300);
INSERT INTO movimentacoes (id, material_id, gondola_id, tipo, quantidade) VALUES (30, 14, 2, 'ENTRADA', 100);
INSERT INTO movimentacoes (id, material_id, gondola_id, tipo, quantidade) VALUES (31, 14, 5, 'ENTRADA', 992);
INSERT INTO movimentacoes (id, material_id, gondola_id, tipo, quantidade) VALUES (32, 15, 6, 'ENTRADA', 17700);
INSERT INTO movimentacoes (id, material_id, gondola_id, tipo, quantidade) VALUES (33, 16, 3, 'ENTRADA', 360);
INSERT INTO movimentacoes (id, material_id, gondola_id, tipo, quantidade) VALUES (34, 17, 3, 'ENTRADA', 420);
INSERT INTO movimentacoes (id, material_id, gondola_id, tipo, quantidade) VALUES (35, 19, 3, 'ENTRADA', 1130);
INSERT INTO movimentacoes (id, material_id, gondola_id, tipo, quantidade) VALUES (36, 19, 4, 'ENTRADA', 1010);
INSERT INTO movimentacoes (id, material_id, gondola_id, tipo, quantidade) VALUES (37, 20, 4, 'ENTRADA', 230);
INSERT INTO movimentacoes (id, material_id, gondola_id, tipo, quantidade) VALUES (38, 21, 3, 'ENTRADA', 1240);
INSERT INTO movimentacoes (id, material_id, gondola_id, tipo, quantidade) VALUES (39, 22, 3, 'ENTRADA', 210);
INSERT INTO movimentacoes (id, material_id, gondola_id, tipo, quantidade) VALUES (40, 23, 4, 'ENTRADA', 4250);
INSERT INTO movimentacoes (id, material_id, gondola_id, tipo, quantidade) VALUES (41, 24, 4, 'ENTRADA', 1150);
INSERT INTO movimentacoes (id, material_id, gondola_id, tipo, quantidade) VALUES (42, 25, 4, 'ENTRADA', 800);
INSERT INTO movimentacoes (id, material_id, gondola_id, tipo, quantidade) VALUES (43, 26, 4, 'ENTRADA', 3060);
INSERT INTO movimentacoes (id, material_id, gondola_id, tipo, quantidade) VALUES (44, 27, 4, 'ENTRADA', 1440);
INSERT INTO movimentacoes (id, material_id, gondola_id, tipo, quantidade) VALUES (45, 28, 5, 'ENTRADA', 520);
INSERT INTO movimentacoes (id, material_id, gondola_id, tipo, quantidade) VALUES (46, 28, 8, 'ENTRADA', 3245);
INSERT INTO movimentacoes (id, material_id, gondola_id, tipo, quantidade) VALUES (47, 28, 15, 'ENTRADA', 384);
INSERT INTO movimentacoes (id, material_id, gondola_id, tipo, quantidade) VALUES (48, 28, 16, 'ENTRADA', 200);
INSERT INTO movimentacoes (id, material_id, gondola_id, tipo, quantidade) VALUES (49, 29, 6, 'ENTRADA', 9);
INSERT INTO movimentacoes (id, material_id, gondola_id, tipo, quantidade) VALUES (50, 29, 10, 'ENTRADA', 519);
INSERT INTO movimentacoes (id, material_id, gondola_id, tipo, quantidade) VALUES (51, 30, 6, 'ENTRADA', 358);
INSERT INTO movimentacoes (id, material_id, gondola_id, tipo, quantidade) VALUES (52, 30, 10, 'ENTRADA', 280);
INSERT INTO movimentacoes (id, material_id, gondola_id, tipo, quantidade) VALUES (53, 30, 11, 'ENTRADA', 897);
INSERT INTO movimentacoes (id, material_id, gondola_id, tipo, quantidade) VALUES (54, 31, 6, 'ENTRADA', 220);
INSERT INTO movimentacoes (id, material_id, gondola_id, tipo, quantidade) VALUES (55, 31, 10, 'ENTRADA', 350);
INSERT INTO movimentacoes (id, material_id, gondola_id, tipo, quantidade) VALUES (56, 31, 11, 'ENTRADA', 581);
INSERT INTO movimentacoes (id, material_id, gondola_id, tipo, quantidade) VALUES (57, 32, 11, 'ENTRADA', 8);
INSERT INTO movimentacoes (id, material_id, gondola_id, tipo, quantidade) VALUES (58, 33, 6, 'ENTRADA', 99);
INSERT INTO movimentacoes (id, material_id, gondola_id, tipo, quantidade) VALUES (59, 34, 6, 'ENTRADA', 197);
INSERT INTO movimentacoes (id, material_id, gondola_id, tipo, quantidade) VALUES (60, 36, 9, 'ENTRADA', 1100);
INSERT INTO movimentacoes (id, material_id, gondola_id, tipo, quantidade) VALUES (61, 36, 10, 'ENTRADA', 670);
INSERT INTO movimentacoes (id, material_id, gondola_id, tipo, quantidade) VALUES (62, 37, 9, 'ENTRADA', 1400);
INSERT INTO movimentacoes (id, material_id, gondola_id, tipo, quantidade) VALUES (63, 38, 9, 'ENTRADA', 160);
INSERT INTO movimentacoes (id, material_id, gondola_id, tipo, quantidade) VALUES (64, 39, 9, 'ENTRADA', 530);
INSERT INTO movimentacoes (id, material_id, gondola_id, tipo, quantidade) VALUES (65, 39, 10, 'ENTRADA', 1470);
INSERT INTO movimentacoes (id, material_id, gondola_id, tipo, quantidade) VALUES (66, 40, 9, 'ENTRADA', 140);
INSERT INTO movimentacoes (id, material_id, gondola_id, tipo, quantidade) VALUES (67, 41, 9, 'ENTRADA', 310);
INSERT INTO movimentacoes (id, material_id, gondola_id, tipo, quantidade) VALUES (68, 41, 10, 'ENTRADA', 2710);
INSERT INTO movimentacoes (id, material_id, gondola_id, tipo, quantidade) VALUES (69, 42, 9, 'ENTRADA', 410);
INSERT INTO movimentacoes (id, material_id, gondola_id, tipo, quantidade) VALUES (70, 42, 10, 'ENTRADA', 680);
INSERT INTO movimentacoes (id, material_id, gondola_id, tipo, quantidade) VALUES (71, 43, 10, 'ENTRADA', 176);
INSERT INTO movimentacoes (id, material_id, gondola_id, tipo, quantidade) VALUES (72, 44, 12, 'ENTRADA', 51);
INSERT INTO movimentacoes (id, material_id, gondola_id, tipo, quantidade) VALUES (73, 45, 10, 'ENTRADA', 1100);
INSERT INTO movimentacoes (id, material_id, gondola_id, tipo, quantidade) VALUES (74, 47, 11, 'ENTRADA', 29);
INSERT INTO movimentacoes (id, material_id, gondola_id, tipo, quantidade) VALUES (75, 48, 11, 'ENTRADA', 14);
INSERT INTO movimentacoes (id, material_id, gondola_id, tipo, quantidade) VALUES (76, 48, 13, 'ENTRADA', 379);
INSERT INTO movimentacoes (id, material_id, gondola_id, tipo, quantidade) VALUES (77, 49, 11, 'ENTRADA', 34);
INSERT INTO movimentacoes (id, material_id, gondola_id, tipo, quantidade) VALUES (78, 49, 13, 'ENTRADA', 266);
INSERT INTO movimentacoes (id, material_id, gondola_id, tipo, quantidade) VALUES (79, 50, 11, 'ENTRADA', 121);
INSERT INTO movimentacoes (id, material_id, gondola_id, tipo, quantidade) VALUES (80, 51, 11, 'ENTRADA', 49);
INSERT INTO movimentacoes (id, material_id, gondola_id, tipo, quantidade) VALUES (81, 52, 11, 'ENTRADA', 336);
INSERT INTO movimentacoes (id, material_id, gondola_id, tipo, quantidade) VALUES (82, 53, 11, 'ENTRADA', 294);
INSERT INTO movimentacoes (id, material_id, gondola_id, tipo, quantidade) VALUES (83, 53, 12, 'ENTRADA', 55);
INSERT INTO movimentacoes (id, material_id, gondola_id, tipo, quantidade) VALUES (84, 54, 11, 'ENTRADA', 125);
INSERT INTO movimentacoes (id, material_id, gondola_id, tipo, quantidade) VALUES (85, 55, 11, 'ENTRADA', 44);
INSERT INTO movimentacoes (id, material_id, gondola_id, tipo, quantidade) VALUES (86, 56, 12, 'ENTRADA', 148);
INSERT INTO movimentacoes (id, material_id, gondola_id, tipo, quantidade) VALUES (87, 57, 12, 'ENTRADA', 157);
INSERT INTO movimentacoes (id, material_id, gondola_id, tipo, quantidade) VALUES (88, 58, 12, 'ENTRADA', 456);
INSERT INTO movimentacoes (id, material_id, gondola_id, tipo, quantidade) VALUES (89, 59, 12, 'ENTRADA', 121);
INSERT INTO movimentacoes (id, material_id, gondola_id, tipo, quantidade) VALUES (90, 60, 12, 'ENTRADA', 24);
INSERT INTO movimentacoes (id, material_id, gondola_id, tipo, quantidade) VALUES (91, 61, 12, 'ENTRADA', 56);
INSERT INTO movimentacoes (id, material_id, gondola_id, tipo, quantidade) VALUES (92, 62, 12, 'ENTRADA', 1);
INSERT INTO movimentacoes (id, material_id, gondola_id, tipo, quantidade) VALUES (93, 63, 12, 'ENTRADA', 1);
INSERT INTO movimentacoes (id, material_id, gondola_id, tipo, quantidade) VALUES (94, 64, 12, 'ENTRADA', 28);
INSERT INTO movimentacoes (id, material_id, gondola_id, tipo, quantidade) VALUES (95, 65, 12, 'ENTRADA', 35);
INSERT INTO movimentacoes (id, material_id, gondola_id, tipo, quantidade) VALUES (96, 66, 12, 'ENTRADA', 30);
INSERT INTO movimentacoes (id, material_id, gondola_id, tipo, quantidade) VALUES (97, 67, 12, 'ENTRADA', 35);
INSERT INTO movimentacoes (id, material_id, gondola_id, tipo, quantidade) VALUES (98, 71, 12, 'ENTRADA', 12);
INSERT INTO movimentacoes (id, material_id, gondola_id, tipo, quantidade) VALUES (99, 72, 12, 'ENTRADA', 14);
INSERT INTO movimentacoes (id, material_id, gondola_id, tipo, quantidade) VALUES (100, 77, 13, 'ENTRADA', 287);
INSERT INTO movimentacoes (id, material_id, gondola_id, tipo, quantidade) VALUES (101, 78, 13, 'ENTRADA', 269);
INSERT INTO movimentacoes (id, material_id, gondola_id, tipo, quantidade) VALUES (102, 80, 15, 'ENTRADA', 100);
COMMIT;
PRAGMA foreign_keys = ON;